Year;City;Daily mean
2014;Dortmund;254.51
2015;Dortmund;292.03999999999996
2016;Dortmund;448.21000000000004
2017;Dortmund;447.23
2018;Dortmund;403.26
2019;Dortmund;390.11999999999995
2020;Dortmund;325.65000000000003
2021;Dortmund;495.34
2022;Dortmund;364.51
2023;Dortmund;624.8299999999999
2024;Dortmund;517.83
