Year;City;Daily mean
2014;Dresden;146.16000000000003
2015;Dresden;162.93
2016;Dresden;167.11
2017;Dresden;210.61
2018;Dresden;224.44
2019;Dresden;207.20999999999998
2020;Dresden;260.59
2021;Dresden;184.07999999999998
2022;Dresden;323.87
2023;Dresden;414.59
2024;Dresden;518.67
