Year;City;Daily mean
2016;Dresden;154.39
2017;Dresden;201.04000000000002
2018;Dresden;207.92
2019;Dresden;199.20999999999998
2020;Dresden;243.64999999999998
2021;Dresden;171.35999999999999
2022;Dresden;315.69
2023;Dresden;402.15999999999997
2024;Dresden;501.56
