Year;City;Daily mean
2016;Munich G;138.59
2017;Munich G;148.26
2018;Munich G;192.48
2019;Munich G;243.70999999999998
2020;Munich G;200.63000000000002
2021;Munich G;241.10999999999999
2022;Munich G;250.51
2023;Munich G;315.82
2024;Munich G;426.5
