Year;City;Daily mean
2020;Munich G;200.63000000000002
2021;Munich G;241.10999999999999
2022;Munich G;250.51
2023;Munich G;315.82
2024;Munich G;426.5
