Year;City;Daily mean
2020;Chemnitz;356.28999999999996
2021;Chemnitz;103.2
2022;Chemnitz;306.62
2023;Chemnitz;404.09999999999997
2024;Chemnitz;419.48
